<?xml version="1.0" encoding="UTF-8"?>
<!DOCTYPE data SYSTEM "../../../lib/pkp/dtd/xmlData.dtd">

<!--
  * 3.0.1_update.xml
  *
  * Copyright (c) 2014-2021 Simon Fraser University
  * Copyright (c) 2003-2021 John Willinsky
  * Distributed under the GNU GPL v3. For full terms see the file docs/COPYING.
  *
  * 3.0.1.0 general updates.
  -->
<data>
	<sql><!-- #1838 Automatic emails for open access/subscription triggered post-install -->
		<query>DELETE FROM scheduled_tasks WHERE class_name = 'classes.tasks.OpenAccessNotification'</query>
		<query>DELETE FROM scheduled_tasks WHERE class_name = 'classes.tasks.SubscriptionExpiryReminder'</query>
	</sql>
	<!-- Bug #8212: Refactor MailTemplate code into PKP lib -->
	<sql>
		<!-- journalTitle becomes contextName -->
		<query>UPDATE email_templates_default_data SET body=REPLACE(body, '{$journalTitle}', '{$contextName}'), subject=REPLACE(subject, '{$journalTitle}', '{$contextName}')</query>
		<query>UPDATE email_templates_data SET body=REPLACE(body, '{$journalTitle}', '{$contextName}'), subject=REPLACE(subject, '{$journalTitle}', '{$contextName}')</query>
	</sql>
</data>

